Mutation.Type	mean_pancreas	median_pancreas	sd_pancreas	total_pancreas
A[C>A]A	121.86666666666666	98	74.12621154554735	1828
A[C>A]C	90.6	77	53.730544651728856	1359
A[C>A]G	12.133333333333333	10	9.203001580747344	182
A[C>A]T	81.46666666666667	66	60.05338894525041	1222
A[C>G]A	64.86666666666666	53	56.62895103423774	973
A[C>G]C	37	24	28.869162984551032	555
A[C>G]G	9.466666666666667	8	8.078778785600374	142
A[C>G]T	64.06666666666666	32	59.66629422602569	961
A[C>T]A	141.93333333333334	133	57.274360589642384	2129
A[C>T]C	61.6	53	29.056103366713558	924
A[C>T]G	346.3333333333333	315	157.74150041248166	5195
A[C>T]T	90.33333333333333	87	55.62587613007184	1355
A[T>A]A	75.66666666666667	77	38.801080004605666	1135
A[T>A]C	50.733333333333334	52	24.188151369351623	761
A[T>A]G	48.8	45	25.58515194404755	732
A[T>A]T	110.6	119	50.58910102835534	1659
A[T>C]A	159	125	74.78540728549349	2385
A[T>C]C	51.2	45	33.53718618403841	768
A[T>C]G	81	72	50.372895205939585	1215
A[T>C]T	111.33333333333333	88	63.02909381124456	1670
A[T>G]A	41.733333333333334	40	25.46276459759193	626
A[T>G]C	15.2	15	8.73580481205285	228
A[T>G]G	25.066666666666666	21	22.83939787380778	376
A[T>G]T	40.86666666666667	38	25.342980619229987	613
C[C>A]A	108.73333333333333	73	103.502564955565	1631
C[C>A]C	79.6	63	68.69684958465811	1194
C[C>A]G	16.066666666666666	10	19.043058977960847	241
C[C>A]T	115	86	97.76210191801611	1725
C[C>G]A	43.2	22	42.62494239627444	648
C[C>G]C	32.13333333333333	14	35.20321954973248	482
C[C>G]G	9.533333333333333	5	10.280818940883947	143
C[C>G]T	57	26	57.41453275459595	855
C[C>T]A	98.93333333333334	81	53.276189624938276	1484
C[C>T]C	79.4	75	37.418101043669836	1191
C[C>T]G	210.4	187	96.85983982760128	3156
C[C>T]T	118.53333333333333	104	63.13915093626443	1778
C[T>A]A	42.666666666666664	33	35.91590707405817	640
C[T>A]C	54.733333333333334	42	49.5443043672842	821
C[T>A]G	53.53333333333333	31	51.837474953201664	803
C[T>A]T	75.8	72	59.60728622768001	1137
C[T>C]A	57.86666666666667	51	40.3836364786295	868
C[T>C]C	59.93333333333333	44	49.79596464813284	899
C[T>C]G	62.93333333333333	56	41.418537372718006	944
C[T>C]T	93.46666666666667	99	65.01743355952054	1402
C[T>G]A	23.333333333333332	17	20.201367233314635	350
C[T>G]C	26.6	23	19.360489958381	399
C[T>G]G	36.2	29	33.241970029295366	543
C[T>G]T	99.93333333333334	62	79.69895739295346	1499
G[C>A]A	80.46666666666667	60	51.325107566050626	1207
G[C>A]C	53.2	40	40.37715053980761	798
G[C>A]G	9.933333333333334	8	5.338093114140863	149
G[C>A]T	73.33333333333333	57	51.88127472091127	1100
G[C>G]A	28.666666666666668	18	27.784031042172067	430
G[C>G]C	28.066666666666666	14	27.494068624410783	421
G[C>G]G	4.8	4	4.329302154257328	72
G[C>G]T	37.333333333333336	19	35.40110302290164	560
G[C>T]A	88.53333333333333	82	45.37756945368284	1328
G[C>T]C	81	76	36.60991278719077	1215
G[C>T]G	276.4	262	138.9978417098625	4146
G[C>T]T	82.2	76	39.67762953748983	1233
G[T>A]A	24.066666666666666	20	19.355570134669122	361
G[T>A]C	23.733333333333334	25	15.01174143636843	356
G[T>A]G	31.866666666666667	27	21.92150498830728	478
G[T>A]T	40.93333333333333	31	31.98541334212623	614
G[T>C]A	71.06666666666666	64	36.80928971773035	1066
G[T>C]C	41.266666666666666	35	28.44158591787402	619
G[T>C]G	52	43	31.096623610932426	780
G[T>C]T	71.06666666666666	64	37.04141825938454	1066
G[T>G]A	13.6	11	12.849680374012642	204
G[T>G]C	10.533333333333333	8	8.184189170648024	158
G[T>G]G	21.8	18	19.057057185500298	327
G[T>G]T	39.8	39	27.232333722984517	597
T[C>A]A	129.13333333333333	108	76.83736690166414	1937
T[C>A]C	95.66666666666667	83	65.38421245297091	1435
T[C>A]G	14.666666666666666	11	8.723258456290178	220
T[C>A]T	206.2	189	115.75664127815733	3093
T[C>G]A	149.93333333333334	63	153.58174494695774	2249
T[C>G]C	76.8	51	78.48038881511373	1152
T[C>G]G	9.8	4	10.276186062932103	147
T[C>G]T	244.73333333333332	115	222.6234702896564	3671
T[C>T]A	256.8666666666667	158	246.26404721838904	3853
T[C>T]C	152.66666666666666	124	83.68620526933309	2290
T[C>T]G	162.26666666666668	135	77.90513156275087	2434
T[C>T]T	207.13333333333333	159	143.45575060258957	3107
T[T>A]A	107.06666666666666	93	58.76401555211764	1606
T[T>A]C	41.266666666666666	28	38.015911455725	619
T[T>A]G	32.13333333333333	25	27.296956048684432	482
T[T>A]T	120.33333333333333	121	71.43995147441429	1805
T[T>C]A	100.2	90	67.01833437841574	1503
T[T>C]C	81.6	60	57.276023405460485	1224
T[T>C]G	49.6	47	34.5352821660069	744
T[T>C]T	134	121	75.73261233727892	2010
T[T>G]A	46.06666666666667	36	36.43676845218433	691
T[T>G]C	26.666666666666668	21	20.86236073022646	400
T[T>G]G	43.06666666666667	29	41.55455393071802	646
T[T>G]T	109.26666666666667	116	61.02864276792692	1639
