Mutation.Type	mean_medullo	median_medullo	sd_medullo	total_medullo
A[C>A]A	24.73	16.5	28.88914898872809	2473
A[C>A]C	19.7	12.5	24.634909942575142	1970
A[C>A]G	2.8	2	3.3059481135209814	280
A[C>A]T	17.72	11	23.40727677583632	1772
A[C>G]A	13.18	10	13.09667241259505	1318
A[C>G]C	7.44	7	7.4553485647702775	744
A[C>G]G	2.37	2	2.0333333333333337	237
A[C>G]T	10.35	8	9.976107821827473	1035
A[C>T]A	31.86	22.5	29.770170142325867	3186
A[C>T]C	16.07	11.5	14.968826192315733	1607
A[C>T]G	100.33	67.5	99.50372359917496	10033
A[C>T]T	23.27	15.5	22.964995321162387	2327
A[T>A]A	10.02	7	11.422094484998908	1002
A[T>A]C	7.74	5	10.188744036951029	774
A[T>A]G	7.33	5	8.901316438787823	733
A[T>A]T	18.93	15	20.211635312863784	1893
A[T>C]A	24.5	19	25.77544834476672	2450
A[T>C]C	9.81	8	10.341340983321905	981
A[T>C]G	14.4	13	12.94432522596506	1440
A[T>C]T	23.44	19	27.14097874566661	2344
A[T>G]A	4.75	3.5	4.872878973969033	475
A[T>G]C	2.46	1	3.450720902575975	246
A[T>G]G	4.93	3	6.0540578260879006	493
A[T>G]T	5.32	4	5.458530530788992	532
C[C>A]A	17.71	12.5	18.77312446078708	1771
C[C>A]C	12.92	9	14.548199235991403	1292
C[C>A]G	2.28	2	2.5744666997028323	228
C[C>A]T	18.01	13	21.46855581749478	1801
C[C>G]A	4.58	3	5.889864603749823	458
C[C>G]C	4.26	3	4.980000405663035	426
C[C>G]G	2.47	2	2.5244461338733855	247
C[C>G]T	6.11	4	7.355194687354571	611
C[C>T]A	20.68	15	19.00764333236777	2068
C[C>T]C	21.32	14	22.464733304097837	2132
C[C>T]G	49.63	33	47.964771373678964	4963
C[C>T]T	23.12	15	24.16202881307024	2312
C[T>A]A	5.28	3	7.718638075293704	528
C[T>A]C	7.19	4	9.798675441305344	719
C[T>A]G	7.02	4	9.335475944541393	702
C[T>A]T	11.65	8	15.962313571204348	1165
C[T>C]A	8.24	7	8.766465028214569	824
C[T>C]C	9.99	7	10.265658155897139	999
C[T>C]G	8.92	7	9.571295469772991	892
C[T>C]T	11.43	9.5	12.720980046102317	1143
C[T>G]A	2.5	2	3.734902267730034	250
C[T>G]C	2.45	2	2.8046678263497835	245
C[T>G]G	4.11	3	5.495443475271036	411
C[T>G]T	4.88	4	6.383817926063627	488
G[C>A]A	16.54	13	17.45552501460078	1654
G[C>A]C	9.88	7	10.848153033693071	988
G[C>A]G	2.03	1	2.337463876456142	203
G[C>A]T	12.49	9.5	13.861140361500276	1249
G[C>G]A	4.78	4	5.863049849298019	478
G[C>G]C	3.93	3	4.539957281870845	393
G[C>G]G	1.11	1	1.4487542541400495	111
G[C>G]T	4.78	3	5.584212956490317	478
G[C>T]A	18.93	13	16.855449018526965	1893
G[C>T]C	21.13	15	19.53688818619793	2113
G[C>T]G	63.6	47.5	59.04269983698578	6360
G[C>T]T	20.22	15	19.022357924560797	2022
G[T>A]A	3.61	2	4.998777628358535	361
G[T>A]C	3.32	2	4.747950115895312	332
G[T>A]G	4.04	3	4.898814533985121	404
G[T>A]T	6.84	4	10.011831384755121	684
G[T>C]A	12.61	10	12.515763797481299	1261
G[T>C]C	8.85	6	8.498811562789118	885
G[T>C]G	8.76	7	8.357081313521368	876
G[T>C]T	14.51	11	13.785144250975469	1451
G[T>G]A	2.12	1	3.137521379057107	212
G[T>G]C	1.41	1	2.1038444847853186	141
G[T>G]G	4.64	3	6.555928768694946	464
G[T>G]T	4.3	3	6.465916857498307	430
T[C>A]A	21.68	15.5	20.776774134459455	2168
T[C>A]C	16.09	11.5	16.245648990148442	1609
T[C>A]G	3.03	2	3.5603172029832644	303
T[C>A]T	33.53	26	35.56341753356484	3353
T[C>G]A	6.71	5	8.160381007147778	671
T[C>G]C	6.53	5	7.159728847639217	653
T[C>G]G	1.46	1	2.2311839498754487	146
T[C>G]T	11.97	9	14.844959692866405	1197
T[C>T]A	21.18	16	18.58172231092705	2118
T[C>T]C	21.96	16	20.36729404380137	2196
T[C>T]G	41	28	37.026335154177694	4100
T[C>T]T	23.65	16	23.397045052136765	2365
T[T>A]A	14.14	10.5	15.328734488212033	1414
T[T>A]C	7.13	4	9.41807310494567	713
T[T>A]G	4.51	3	6.010924398227954	451
T[T>A]T	15.61	11	19.47953860445427	1561
T[T>C]A	12.8	10	12.18875123077244	1280
T[T>C]C	13.9	12	11.785541561548618	1390
T[T>C]G	8.41	7	7.950725778445665	841
T[T>C]T	16.33	12.5	15.136453422853787	1633
T[T>G]A	4.7	4	4.4483568638182325	470
T[T>G]C	3.5	2	3.9835520416692023	350
T[T>G]G	4.76	3	6.6910463314866515	476
T[T>G]T	10.2	8	11.493520352834032	1020
