Mutation.Type	mean_aml	median_aml	sd_aml	total_aml	mean_breast	median_breast	sd_breast	total_breast	mean_medullo	median_medullo	sd_medullo	total_medullo	mean_pancreas	median_pancreas	sd_pancreas	total_pancreas
A[C>A]A	7.857142857142857	8	4.413183712037204	55	70.57142857142857	48	65.04100029310997	8398	24.73	16.5	28.88914898872809	2473	121.86666666666666	98	74.12621154554735	1828
A[C>A]C	4.857142857142857	3	4.488079449258573	34	60.94957983193277	39	51.02422966134645	7253	19.7	12.5	24.634909942575142	1970	90.6	77	53.730544651728856	1359
A[C>A]G	0.8571428571428571	1	0.8997354108424372	6	8.747899159663865	7	6.8916782136076655	1041	2.8	2	3.3059481135209814	280	12.133333333333333	10	9.203001580747344	182
A[C>A]T	5.142857142857143	4	3.7161167647860327	36	54.87394957983193	33	50.54290921144882	6530	17.72	11	23.40727677583632	1772	81.46666666666667	66	60.05338894525041	1222
A[C>G]A	3.857142857142857	2	3.804758924845367	27	46.445378151260506	22	45.24691158652159	5527	13.18	10	13.09667241259505	1318	64.86666666666666	53	56.62895103423774	973
A[C>G]C	1.8571428571428572	2	1.6761634196950514	13	28.51260504201681	17	24.791286586497943	3393	7.44	7	7.4553485647702775	744	37	24	28.869162984551032	555
A[C>G]G	0.7142857142857143	0	1.1126972805283735	5	11.159663865546218	6	13.038393886529638	1328	2.37	2	2.0333333333333337	237	9.466666666666667	8	8.078778785600374	142
A[C>G]T	3.5714285714285716	3	3.154739442867026	25	47.66386554621849	23	47.46564811558583	5672	10.35	8	9.976107821827473	1035	64.06666666666666	32	59.66629422602569	961
A[C>T]A	18.428571428571427	15	14.3742494628084	129	78.67226890756302	57	55.09531175165288	9362	31.86	22.5	29.770170142325867	3186	141.93333333333334	133	57.274360589642384	2129
A[C>T]C	8.142857142857142	5	6.3358391032961965	57	40.66386554621849	33	24.169345099899587	4839	16.07	11.5	14.968826192315733	1607	61.6	53	29.056103366713558	924
A[C>T]G	45.142857142857146	31	45.65241348650537	316	109.99159663865547	103	46.74588639534787	13089	100.33	67.5	99.50372359917496	10033	346.3333333333333	315	157.74150041248166	5195
A[C>T]T	10.285714285714286	10	6.421689437998013	72	57.80672268907563	40	46.01147191345638	6879	23.27	15.5	22.964995321162387	2327	90.33333333333333	87	55.62587613007184	1355
A[T>A]A	1.7142857142857142	1	1.3801311186847083	12	32.18487394957983	22	28.892837182424255	3830	10.02	7	11.422094484998908	1002	75.66666666666667	77	38.801080004605666	1135
A[T>A]C	3.857142857142857	3	3.670993118515816	27	32.35294117647059	26	20.5857397718454	3850	7.74	5	10.188744036951029	774	50.733333333333334	52	24.188151369351623	761
A[T>A]G	3.5714285714285716	3	4.07664661444276	25	34.42857142857143	26	27.081037029367177	4097	7.33	5	8.901316438787823	733	48.8	45	25.58515194404755	732
A[T>A]T	4.857142857142857	4	5.727959829601095	34	53.80672268907563	38	41.84905833153247	6403	18.93	15	20.211635312863784	1893	110.6	119	50.58910102835534	1659
A[T>C]A	8.285714285714286	8	5.437961803049794	58	74.27731092436974	58	47.51537206565997	8839	24.5	19	25.77544834476672	2450	159	125	74.78540728549349	2385
A[T>C]C	2.857142857142857	1	3.1847852585154217	20	31.689075630252102	21	24.205598140547753	3771	9.81	8	10.341340983321905	981	51.2	45	33.53718618403841	768
A[T>C]G	8.142857142857142	9	3.848314411469495	57	50.714285714285715	38	32.74325984649823	6035	14.4	13	12.94432522596506	1440	81	72	50.372895205939585	1215
A[T>C]T	9.571428571428571	12	6.187545093630776	67	72.77310924369748	56	46.910740516899715	8660	23.44	19	27.14097874566661	2344	111.33333333333333	88	63.02909381124456	1670
A[T>G]A	2.2857142857142856	2	0.9511897312113419	16	19.142857142857142	13	15.732555964981769	2278	4.75	3.5	4.872878973969033	475	41.733333333333334	40	25.46276459759193	626
A[T>G]C	0.8571428571428571	0	1.0690449676496974	6	9.764705882352942	7	7.573040813208681	1162	2.46	1	3.450720902575975	246	15.2	15	8.73580481205285	228
A[T>G]G	2	1	2.160246899469287	14	22.008403361344538	12	21.724584136496553	2619	4.93	3	6.0540578260879006	493	25.066666666666666	21	22.83939787380778	376
A[T>G]T	1.5714285714285714	1	1.2724180205607039	11	22.310924369747898	17	18.20446392414284	2655	5.32	4	5.458530530788992	532	40.86666666666667	38	25.342980619229987	613
C[C>A]A	5.285714285714286	4	3.728908942943218	37	68.16806722689076	41	58.23699670497938	8112	17.71	12.5	18.77312446078708	1771	108.73333333333333	73	103.502564955565	1631
C[C>A]C	3.5714285714285716	2	3.552329886011098	25	51.3109243697479	26	49.5509920369932	6106	12.92	9	14.548199235991403	1292	79.6	63	68.69684958465811	1194
C[C>A]G	0.5714285714285714	0	0.7867957924694431	4	8.857142857142858	6	7.398219797649578	1054	2.28	2	2.5744666997028323	228	16.066666666666666	10	19.043058977960847	241
C[C>A]T	6	7	3.4641016151377544	42	56.983193277310924	29	53.75493405706381	6781	18.01	13	21.46855581749478	1801	115	86	97.76210191801611	1725
C[C>G]A	1.5714285714285714	1	1.511857892036909	11	35.50420168067227	18	36.480520446215905	4225	4.58	3	5.889864603749823	458	43.2	22	42.62494239627444	648
C[C>G]C	1.2857142857142858	1	0.48795003647426666	9	28.50420168067227	15	27.11772012740255	3392	4.26	3	4.980000405663035	426	32.13333333333333	14	35.20321954973248	482
C[C>G]G	0.42857142857142855	0	0.7867957924694431	3	10.974789915966387	7	11.105398126147321	1306	2.47	2	2.5244461338733855	247	9.533333333333333	5	10.280818940883947	143
C[C>G]T	2.2857142857142856	3	2.138089935299395	16	47.529411764705884	24	46.66320430587386	5656	6.11	4	7.355194687354571	611	57	26	57.41453275459595	855
C[C>T]A	9.571428571428571	9	8.017837257372731	67	71.73949579831933	56	70.20037449618515	8537	20.68	15	19.00764333236777	2068	98.93333333333334	81	53.276189624938276	1484
C[C>T]C	8.428571428571429	7	5.380741673076394	59	52.63025210084034	44	29.637889614197633	6263	21.32	14	22.464733304097837	2132	79.4	75	37.418101043669836	1191
C[C>T]G	27	19	33.67491648096547	189	72.45378151260505	67	35.13575317014301	8622	49.63	33	47.964771373678964	4963	210.4	187	96.85983982760128	3156
C[C>T]T	13.571428571428571	10	11.631238725334216	95	76.60504201680672	59	55.02868566074487	9116	23.12	15	24.16202881307024	2312	118.53333333333333	104	63.13915093626443	1778
C[T>A]A	1.5714285714285714	1	1.511857892036909	11	24.50420168067227	14	23.584997367825515	2916	5.28	3	7.718638075293704	528	42.666666666666664	33	35.91590707405817	640
C[T>A]C	1.7142857142857142	2	1.3801311186847085	12	34.51260504201681	21	31.997051121070218	4107	7.19	4	9.798675441305344	719	54.733333333333334	42	49.5443043672842	821
C[T>A]G	2.4285714285714284	3	1.9023794624226837	17	32.21848739495798	19	30.37928589107977	3834	7.02	4	9.335475944541393	702	53.53333333333333	31	51.837474953201664	803
C[T>A]T	4.285714285714286	5	4.191828786034631	30	42.9327731092437	20	46.53115069088207	5109	11.65	8	15.962313571204348	1165	75.8	72	59.60728622768001	1137
C[T>C]A	3.4285714285714284	3	3.408672412985387	24	31.369747899159663	20	26.281676785960006	3733	8.24	7	8.766465028214569	824	57.86666666666667	51	40.3836364786295	868
C[T>C]C	3.7142857142857144	2	2.870208222079931	26	37.3109243697479	23	35.530065544730924	4440	9.99	7	10.265658155897139	999	59.93333333333333	44	49.79596464813284	899
C[T>C]G	6.714285714285714	5	6.701101544131524	47	34.747899159663866	24	26.015386088729826	4135	8.92	7	9.571295469772991	892	62.93333333333333	56	41.418537372718006	944
C[T>C]T	4.285714285714286	2	4.347960660443227	30	42.72268907563025	25	37.31154326082214	5084	11.43	9.5	12.720980046102317	1143	93.46666666666667	99	65.01743355952054	1402
C[T>G]A	1.7142857142857142	1	2.0586634591635513	12	12.655462184873949	8	12.001014769798168	1506	2.5	2	3.734902267730034	250	23.333333333333332	17	20.201367233314635	350
C[T>G]C	1.1428571428571428	1	1.2149857925879117	8	15.588235294117647	10	13.16544769315182	1855	2.45	2	2.8046678263497835	245	26.6	23	19.360489958381	399
C[T>G]G	2.142857142857143	2	1.9518001458970664	15	25.243697478991596	13	24.927680613909136	3004	4.11	3	5.495443475271036	411	36.2	29	33.241970029295366	543
C[T>G]T	3.142857142857143	2	3.38765264987284	22	33.12605042016807	19	37.27873811738475	3942	4.88	4	6.383817926063627	488	99.93333333333334	62	79.69895739295346	1499
G[C>A]A	6.571428571428571	7	4.649628761422531	46	52.9327731092437	43	39.87495945323628	6299	16.54	13	17.45552501460078	1654	80.46666666666667	60	51.325107566050626	1207
G[C>A]C	2.7142857142857144	2	2.4299715851758235	19	37.15966386554622	24	29.79989284285058	4422	9.88	7	10.848153033693071	988	53.2	40	40.37715053980761	798
G[C>A]G	0.7142857142857143	1	0.7559289460184544	5	7.5210084033613445	7	4.370255276055951	895	2.03	1	2.337463876456142	203	9.933333333333334	8	5.338093114140863	149
G[C>A]T	4.714285714285714	4	4.923220007078216	33	40.63025210084034	28	34.54740431423409	4835	12.49	9.5	13.861140361500276	1249	73.33333333333333	57	51.88127472091127	1100
G[C>G]A	1.2857142857142858	1	1.1126972805283737	9	23.084033613445378	14	22.112416878357067	2747	4.78	4	5.863049849298019	478	28.666666666666668	18	27.784031042172067	430
G[C>G]C	0.42857142857142855	0	0.7867957924694431	3	22.764705882352942	15	20.615407222636538	2709	3.93	3	4.539957281870845	393	28.066666666666666	14	27.494068624410783	421
G[C>G]G	0.14285714285714285	0	0.37796447300922725	1	9.008403361344538	4	11.699989713394963	1072	1.11	1	1.4487542541400495	111	4.8	4	4.329302154257328	72
G[C>G]T	2	2	1.8257418583505538	14	32.60504201680672	17	33.42312669532042	3880	4.78	3	5.584212956490317	478	37.333333333333336	19	35.40110302290164	560
G[C>T]A	8.857142857142858	8	6.986381310057718	62	59.3109243697479	45	40.27968910285981	7058	18.93	13	16.855449018526965	1893	88.53333333333333	82	45.37756945368284	1328
G[C>T]C	8.285714285714286	8	5.794085654478071	58	48.87394957983193	43	26.552651443413374	5816	21.13	15	19.53688818619793	2113	81	76	36.60991278719077	1215
G[C>T]G	27	19	26.229754097208	189	82.07563025210084	72	39.28646630814194	9767	63.6	47.5	59.04269983698578	6360	276.4	262	138.9978417098625	4146
G[C>T]T	12.285714285714286	10	8.32094316998351	86	50.924369747899156	39	32.72824925637715	6060	20.22	15	19.022357924560797	2022	82.2	76	39.67762953748983	1233
G[T>A]A	1.5714285714285714	1	2.2253945610567474	11	18.73109243697479	11	17.774814346925098	2229	3.61	2	4.998777628358535	361	24.066666666666666	20	19.355570134669122	361
G[T>A]C	1.4285714285714286	1	1.2724180205607036	10	18.319327731092436	13	14.64259677182263	2180	3.32	2	4.747950115895312	332	23.733333333333334	25	15.01174143636843	356
G[T>A]G	0.5714285714285714	0	0.7867957924694432	4	21.80672268907563	14	18.649431904340954	2595	4.04	3	4.898814533985121	404	31.866666666666667	27	21.92150498830728	478
G[T>A]T	2	1	2	14	28.537815126050422	16	28.358417252804777	3396	6.84	4	10.011831384755121	684	40.93333333333333	31	31.98541334212623	614
G[T>C]A	3.4285714285714284	2	2.9358214555806383	24	35.252100840336134	27	23.14443173044735	4195	12.61	10	12.515763797481299	1261	71.06666666666666	64	36.80928971773035	1066
G[T>C]C	3.7142857142857144	5	2.4299715851758235	26	23.613445378151262	18	16.19850863803725	2810	8.85	6	8.498811562789118	885	41.266666666666666	35	28.44158591787402	619
G[T>C]G	1.8571428571428572	1	2.544836041121407	13	27.04201680672269	22	17.808489195421494	3218	8.76	7	8.357081313521368	876	52	43	31.096623610932426	780
G[T>C]T	4.714285714285714	4	3.728908942943218	33	38.64705882352941	30	24.499598141046757	4599	14.51	11	13.785144250975469	1451	71.06666666666666	64	37.04141825938454	1066
G[T>G]A	0.7142857142857143	1	0.7559289460184544	5	12.521008403361344	7	12.919469435697767	1490	2.12	1	3.137521379057107	212	13.6	11	12.849680374012642	204
G[T>G]C	0.2857142857142857	0	0.7559289460184546	2	12.596638655462185	7	13.671273438095335	1499	1.41	1	2.1038444847853186	141	10.533333333333333	8	8.184189170648024	158
G[T>G]G	1.7142857142857142	2	1.2535663410560174	12	54.7563025210084	23	91.39409601398106	6516	4.64	3	6.555928768694946	464	21.8	18	19.057057185500298	327
G[T>G]T	1	1	1.1547005383792515	7	23.722689075630253	15	24.17377917263357	2823	4.3	3	6.465916857498307	430	39.8	39	27.232333722984517	597
T[C>A]A	5.142857142857143	2	6.568322247184371	36	126.09243697478992	65	210.37657888252653	15005	21.68	15.5	20.776774134459455	2168	129.13333333333333	108	76.83736690166414	1937
T[C>A]C	4.142857142857143	2	6.25642526870234	29	79.65546218487395	56	85.34609867413239	9479	16.09	11.5	16.245648990148442	1609	95.66666666666667	83	65.38421245297091	1435
T[C>A]G	0.8571428571428571	1	0.8997354108424372	6	11.201680672268907	8	11.668136992691528	1333	3.03	2	3.5603172029832644	303	14.666666666666666	11	8.723258456290178	220
T[C>A]T	8.571428571428571	6	7.9761549395086115	60	114.78151260504201	81	124.86386890135462	13659	33.53	26	35.56341753356484	3353	206.2	189	115.75664127815733	3093
T[C>G]A	2.857142857142857	4	2.1930626551751344	20	317.781512605042	74	1078.8882237360535	37816	6.71	5	8.160381007147778	671	149.93333333333334	63	153.58174494695774	2249
T[C>G]C	1.4285714285714286	1	0.9759000729485332	10	97.88235294117646	39	213.714730521493	11648	6.53	5	7.159728847639217	653	76.8	51	78.48038881511373	1152
T[C>G]G	0.2857142857142857	0	0.48795003647426655	2	15.336134453781513	6	34.60730727945054	1825	1.46	1	2.2311839498754487	146	9.8	4	10.276186062932103	147
T[C>G]T	4.285714285714286	5	2.9277002188455996	30	429.56302521008405	132	1353.4290639570484	51118	11.97	9	14.844959692866405	1197	244.73333333333332	115	222.6234702896564	3671
T[C>T]A	8.714285714285714	4	10.307186582093836	61	516.781512605042	132	1906.675952842235	61497	21.18	16	18.58172231092705	2118	256.8666666666667	158	246.26404721838904	3853
T[C>T]C	9.142857142857142	7	5.490251100164468	64	149.6638655462185	72	352.0594199970508	17810	21.96	16	20.36729404380137	2196	152.66666666666666	124	83.68620526933309	2290
T[C>T]G	19.714285714285715	12	21.89150737701941	138	87.60504201680672	54	162.23054418292523	10425	41	28	37.026335154177694	4100	162.26666666666668	135	77.90513156275087	2434
T[C>T]T	11.714285714285714	10	10.307186582093836	82	284.74789915966386	96	950.4068283090123	33885	23.65	16	23.397045052136765	2365	207.13333333333333	159	143.45575060258957	3107
T[T>A]A	2.857142857142857	3	2.5448360411214073	20	48.831932773109244	33	41.83043238303155	5811	14.14	10.5	15.328734488212033	1414	107.06666666666666	93	58.76401555211764	1606
T[T>A]C	3	3	2.581988897471611	21	26.159663865546218	16	22.873633401163048	3113	7.13	4	9.41807310494567	713	41.266666666666666	28	38.015911455725	619
T[T>A]G	1.7142857142857142	1	1.6035674514745462	12	18.722689075630253	12	16.366006713870025	2228	4.51	3	6.010924398227954	451	32.13333333333333	25	27.296956048684432	482
T[T>A]T	4.142857142857143	3	4.0178174601214955	29	54.72268907563025	30	49.936047977616774	6512	15.61	11	19.47953860445427	1561	120.33333333333333	121	71.43995147441429	1805
T[T>C]A	5.714285714285714	6	3.2513733362117265	40	42.016806722689076	31	30.034156598744712	5000	12.8	10	12.18875123077244	1280	100.2	90	67.01833437841574	1503
T[T>C]C	3.2857142857142856	1	4.029651999626672	23	36.436974789915965	26	27.13763996066999	4336	13.9	12	11.785541561548618	1390	81.6	60	57.276023405460485	1224
T[T>C]G	2.857142857142857	2	1.9518001458970666	20	24.41176470588235	19	16.604783752569357	2905	8.41	7	7.950725778445665	841	49.6	47	34.5352821660069	744
T[T>C]T	6	5	4.08248290463863	42	48.51260504201681	38	32.4300722405783	5773	16.33	12.5	15.136453422853787	1633	134	121	75.73261233727892	2010
T[T>G]A	1.5714285714285714	2	1.1338934190276817	11	21.26890756302521	14	18.49447809436396	2531	4.7	4	4.4483568638182325	470	46.06666666666667	36	36.43676845218433	691
T[T>G]C	0.42857142857142855	0	0.5345224838248487	3	15.403361344537815	10	12.630551692750354	1833	3.5	2	3.9835520416692023	350	26.666666666666668	21	20.86236073022646	400
T[T>G]G	1	1	1	7	26.48739495798319	16	25.195125149358525	3152	4.76	3	6.6910463314866515	476	43.06666666666667	29	41.55455393071802	646
T[T>G]T	4.142857142857143	6	2.9680841985233184	29	46.57983193277311	31	37.05481413823271	5543	10.2	8	11.493520352834032	1020	109.26666666666667	116	61.02864276792692	1639
